atom_code,atom_name_ru,atom_type
mining_fuel,Добыча топливно-энергетических полезных ископаемых,economic_activity
mining_other,Прочая добыча полезных ископаемых,economic_activity
manufacturing_food_beverages_tobacco,Пищевые продукты напитки и табак,economic_activity
manufacturing_wood_products,Древесина и изделия из дерева,economic_activity
manufacturing_pulp_paper_publishing_printing,Целлюлоза бумага издательство и полиграфия,economic_activity
manufacturing_coke_petroleum_nuclear_materials,Кокс нефтепродукты и ядерные материалы,economic_activity
manufacturing_chemicals,Химическое производство,economic_activity
manufacturing_non_metallic_mineral_products,Неметаллические минеральные продукты,economic_activity
manufacturing_metallurgy_metal_products,Металлургия и готовые металлические изделия,economic_activity
manufacturing_machinery_agriculture_forestry,Машины для сельского и лесного хозяйства,economic_activity
manufacturing_machinery_other,Прочие машины и оборудование,economic_activity
manufacturing_automobiles,Автомобили,economic_activity
manufacturing_transport_equipment_other,Прочие транспортные средства и оборудование,economic_activity
manufacturing_remainder,Остаток обрабатывающих производств,economic_activity
electricity_gas_water,Электроэнергия газ и вода,economic_activity
agriculture_hunting_services,Сельское хозяйство охота и услуги,economic_activity
forestry,Лесное хозяйство,economic_activity
construction_buildings_structures,Строительство зданий и сооружений,economic_activity
construction_other,Прочее строительство,economic_activity
air_transport,Воздушный транспорт,economic_activity
transport_communications_other,Прочий транспорт и связь,economic_activity
trade,Торговля и ремонт,economic_activity
real_estate_renting_business_services,Недвижимость аренда и деловые услуги,economic_activity
other_activities,Прочие виды деятельности,economic_activity
completion_of_settlements,На завершение расчетов,technical_use_category
