node_code,okved2_classes,relation_type,evidence_type,base_weight,comment
mining,05 06 07 08 09,SECTION_BRIDGE,METHODOLOGY_DERIVED,1.0,Legacy mining versus OKVED2 section B
mining_fuel_energy,05 06 07 09,SUBSET_BRIDGE,METHODOLOGY_DERIVED,1.4,Fuel and energy mining including related support
manufacturing,10-33,SECTION_BRIDGE,METHODOLOGY_DERIVED,1.0,Legacy manufacturing versus OKVED2 section C
manufacturing_food_beverages_tobacco,10 11 12,GROUP_BRIDGE,METHODOLOGY_DERIVED,1.6,Direct semantic group
manufacturing_wood_products,16,CLASS_BRIDGE,METHODOLOGY_DERIVED,2.0,Direct semantic class
manufacturing_pulp_paper_publishing_printing,17 18 58,GROUP_BRIDGE,METHODOLOGY_DERIVED,1.6,Publishing moved outside manufacturing in OKVED2
manufacturing_coke_petroleum_nuclear_materials,19 24,GROUP_BRIDGE,METHODOLOGY_DERIVED,1.4,Nuclear materials may appear with metallurgy
manufacturing_chemicals,20 21,GROUP_BRIDGE,METHODOLOGY_DERIVED,1.8,Chemicals and pharmaceuticals
manufacturing_non_metallic_mineral_products,23,CLASS_BRIDGE,METHODOLOGY_DERIVED,2.0,Direct semantic class
manufacturing_metallurgy_metal_products,24 25,GROUP_BRIDGE,METHODOLOGY_DERIVED,1.8,Metallurgy and fabricated metals
manufacturing_machinery_equipment,26 27 28,GROUP_BRIDGE,METHODOLOGY_DERIVED,1.4,Machinery and equipment group
manufacturing_machinery_agriculture_forestry,28,CLASS_BRIDGE,METHODOLOGY_DERIVED,2.0,Agricultural and forestry machinery
manufacturing_transport_equipment,29 30,GROUP_BRIDGE,METHODOLOGY_DERIVED,1.8,Transport equipment
manufacturing_automobiles,29,CLASS_BRIDGE,METHODOLOGY_DERIVED,2.0,Motor vehicles
electricity_gas_water,35 36 37 38 39,GROUP_BRIDGE,METHODOLOGY_DERIVED,1.6,Electricity gas water and waste
agriculture_hunting_forestry,01 02,GROUP_BRIDGE,METHODOLOGY_DERIVED,1.8,Agriculture hunting and forestry
agriculture_hunting_services,01,CLASS_BRIDGE,METHODOLOGY_DERIVED,2.0,Agriculture hunting and related services
construction,41 42 43,SECTION_BRIDGE,METHODOLOGY_DERIVED,2.0,Construction section F
construction_buildings_structures,41 42,GROUP_BRIDGE,METHODOLOGY_DERIVED,1.6,Buildings and civil engineering
transport_communications,49 50 51 52 53 61,GROUP_BRIDGE,METHODOLOGY_DERIVED,1.5,Transport postal and telecommunications
air_transport_scheduled_and_unscheduled,51,CLASS_BRIDGE,METHODOLOGY_DERIVED,2.0,Air transport
wholesale_retail_trade_motor_vehicles_household_goods,45 46 47,SECTION_BRIDGE,METHODOLOGY_DERIVED,2.0,Trade section G
real_estate_renting_business_services,62 63 68 69-75 77-82,GROUP_BRIDGE,METHODOLOGY_DERIVED,1.3,IT real estate professional and administrative services
other_activities,03 55 56 58 59 60 64 65 66 84 85 86 87 88 90 91 92 93 94 95 96 97 98 99,RESIDUAL_GROUP_BRIDGE,METHODOLOGY_DERIVED,0.8,Legacy residual services and fishing
