node_code,atom_code
mining,mining_fuel
mining,mining_other
mining_fuel_energy,mining_fuel
manufacturing,manufacturing_food_beverages_tobacco
manufacturing,manufacturing_wood_products
manufacturing,manufacturing_pulp_paper_publishing_printing
manufacturing,manufacturing_coke_petroleum_nuclear_materials
manufacturing,manufacturing_chemicals
manufacturing,manufacturing_non_metallic_mineral_products
manufacturing,manufacturing_metallurgy_metal_products
manufacturing,manufacturing_machinery_agriculture_forestry
manufacturing,manufacturing_machinery_other
manufacturing,manufacturing_automobiles
manufacturing,manufacturing_transport_equipment_other
manufacturing,manufacturing_remainder
manufacturing_food_beverages_tobacco,manufacturing_food_beverages_tobacco
manufacturing_wood_products,manufacturing_wood_products
manufacturing_pulp_paper_publishing_printing,manufacturing_pulp_paper_publishing_printing
manufacturing_coke_petroleum_nuclear_materials,manufacturing_coke_petroleum_nuclear_materials
manufacturing_chemicals,manufacturing_chemicals
manufacturing_non_metallic_mineral_products,manufacturing_non_metallic_mineral_products
manufacturing_metallurgy_metal_products,manufacturing_metallurgy_metal_products
manufacturing_machinery_equipment,manufacturing_machinery_agriculture_forestry
manufacturing_machinery_equipment,manufacturing_machinery_other
manufacturing_machinery_agriculture_forestry,manufacturing_machinery_agriculture_forestry
manufacturing_transport_equipment,manufacturing_automobiles
manufacturing_transport_equipment,manufacturing_transport_equipment_other
manufacturing_automobiles,manufacturing_automobiles
electricity_gas_water,electricity_gas_water
agriculture_hunting_forestry,agriculture_hunting_services
agriculture_hunting_forestry,forestry
agriculture_hunting_services,agriculture_hunting_services
construction,construction_buildings_structures
construction,construction_other
construction_buildings_structures,construction_buildings_structures
transport_communications,air_transport
transport_communications,transport_communications_other
air_transport_scheduled_and_unscheduled,air_transport
wholesale_retail_trade_motor_vehicles_household_goods,trade
real_estate_renting_business_services,real_estate_renting_business_services
other_activities,other_activities
completion_of_settlements,completion_of_settlements
